{
  "project_info": {
    "project_number": "490469823834",
    "firebase_url": "https://weshare-0728.firebaseio.com",
    "project_id": "weshare-0728",
    "storage_bucket": "weshare-0728.appspot.com"
  },
  "client": [
    {
      "client_info": {
        "mobilesdk_app_id": "1:490469823834:android:bcb96c1236cf7208f5cf63",
        "android_client_info": {
          "package_name": "com.dfa.flutterchatdemo"
        }
      },
      "oauth_client": [
        {
          "client_id": "490469823834-48g0rbhtr5553k86snteum43e0malblk.apps.googleusercontent.com",
          "client_type": 3
        }
      ],
      "api_key": [
        {
          "current_key": "AIzaSyBAe4k8IwckuLkUa1ts_d7SMC7oXFdXb4w"
        }
      ],
      "services": {
        "appinvite_service": {
          "other_platform_oauth_client": [
            {
              "client_id": "490469823834-48g0rbhtr5553k86snteum43e0malblk.apps.googleusercontent.com",
              "client_type": 3
            }
          ]
        }
      }
    },
    {
      "client_info": {
        "mobilesdk_app_id": "1:490469823834:android:a08c4776ed37b419f5cf63",
        "android_client_info": {
          "package_name": "com.example.chat4"
        }
      },
      "oauth_client": [
        {
          "client_id": "490469823834-48g0rbhtr5553k86snteum43e0malblk.apps.googleusercontent.com",
          "client_type": 3
        }
      ],
      "api_key": [
        {
          "current_key": "AIzaSyBAe4k8IwckuLkUa1ts_d7SMC7oXFdXb4w"
        }
      ],
      "services": {
        "appinvite_service": {
          "other_platform_oauth_client": [
            {
              "client_id": "490469823834-48g0rbhtr5553k86snteum43e0malblk.apps.googleusercontent.com",
              "client_type": 3
            }
          ]
        }
      }
    },
    {
      "client_info": {
        "mobilesdk_app_id": "1:490469823834:android:e0ef99c2bd48218cf5cf63",
        "android_client_info": {
          "package_name": "com.example.chat_app_example"
        }
      },
      "oauth_client": [
        {
          "client_id": "490469823834-48g0rbhtr5553k86snteum43e0malblk.apps.googleusercontent.com",
          "client_type": 3
        }
      ],
      "api_key": [
        {
          "current_key": "AIzaSyBAe4k8IwckuLkUa1ts_d7SMC7oXFdXb4w"
        }
      ],
      "services": {
        "appinvite_service": {
          "other_platform_oauth_client": [
            {
              "client_id": "490469823834-48g0rbhtr5553k86snteum43e0malblk.apps.googleusercontent.com",
              "client_type": 3
            }
          ]
        }
      }
    },
    {
      "client_info": {
        "mobilesdk_app_id": "1:490469823834:android:2eeea4901078fc63f5cf63",
        "android_client_info": {
          "package_name": "com.example.login_chatting"
        }
      },
      "oauth_client": [
        {
          "client_id": "490469823834-48g0rbhtr5553k86snteum43e0malblk.apps.googleusercontent.com",
          "client_type": 3
        }
      ],
      "api_key": [
        {
          "current_key": "AIzaSyBAe4k8IwckuLkUa1ts_d7SMC7oXFdXb4w"
        }
      ],
      "services": {
        "appinvite_service": {
          "other_platform_oauth_client": [
            {
              "client_id": "490469823834-48g0rbhtr5553k86snteum43e0malblk.apps.googleusercontent.com",
              "client_type": 3
            }
          ]
        }
      }
    }
  ],
  "configuration_version": "1"
}